assetUid,sourceProfileId,sellerDisplayName,assetClass,category,subcategory,title,brand,marketReferenceBrands,price,totalAmount,mediaStatus,coverFile
v35-seed-p001-asset-001,P001,Saigon Coffee Shop,physical_goods,agri_food,coffee,Saigon Coffee Seed Reserve Arabica Whole Bean Lot,Saigon Coffee Seed,Blue Bottle|Lavazza|Illy|Nespresso,14.42 USDT,81,pending_verified_license_source,
v35-seed-p001-asset-002,P001,Saigon Coffee Shop,physical_goods,agri_food,coffee,Saigon Coffee Seed Green Coffee Sample Set,Saigon Coffee Seed,Blue Bottle|Lavazza|Illy|Nespresso,9.27 USDT,121,pending_verified_license_source,
v35-seed-p001-asset-003,P001,Saigon Coffee Shop,service_rights,service_rights,logistics_services,Saigon Coffee Seed Sourcing and Inspection Service Pass,Saigon Coffee Seed,,123.60 USDT,21,pending_verified_license_source,
v35-seed-p002-asset-001,P002,Ethiopia Coffee Shop,physical_goods,agri_food,coffee,Ethiopia Coffee Seed Reserve Arabica Whole Bean Lot,Ethiopia Coffee Seed,Blue Bottle|Lavazza|Illy|Nespresso,14.84 USDT,82,pending_verified_license_source,
v35-seed-p002-asset-002,P002,Ethiopia Coffee Shop,physical_goods,agri_food,coffee,Ethiopia Coffee Seed Green Coffee Sample Set,Ethiopia Coffee Seed,Blue Bottle|Lavazza|Illy|Nespresso,9.54 USDT,122,pending_verified_license_source,
v35-seed-p002-asset-003,P002,Ethiopia Coffee Shop,agent_services,agent_services,procurement_agent,Ethiopia Coffee Seed Procurement Agent Research Pack,Ethiopia Coffee Seed,,94.34 USDT,14,pending_verified_license_source,
v35-seed-p003-asset-001,P003,Nairobi Coffee Shop,physical_goods,agri_food,coffee,Nairobi Coffee Seed Reserve Arabica Whole Bean Lot,Nairobi Coffee Seed,Blue Bottle|Lavazza|Illy|Nespresso,15.26 USDT,83,pending_verified_license_source,
v35-seed-p003-asset-002,P003,Nairobi Coffee Shop,physical_goods,agri_food,coffee,Nairobi Coffee Seed Green Coffee Sample Set,Nairobi Coffee Seed,Blue Bottle|Lavazza|Illy|Nespresso,9.81 USDT,123,pending_verified_license_source,
v35-seed-p003-asset-003,P003,Nairobi Coffee Shop,service_rights,service_rights,logistics_services,Nairobi Coffee Seed Sourcing and Inspection Service Pass,Nairobi Coffee Seed,,130.80 USDT,23,pending_verified_license_source,
v35-seed-p004-asset-001,P004,Bogota Coffee Shop,physical_goods,agri_food,coffee,Bogota Coffee Seed Reserve Arabica Whole Bean Lot,Bogota Coffee Seed,Blue Bottle|Lavazza|Illy|Nespresso,14 USDT,84,pending_verified_license_source,
v35-seed-p004-asset-002,P004,Bogota Coffee Shop,physical_goods,agri_food,coffee,Bogota Coffee Seed Green Coffee Sample Set,Bogota Coffee Seed,Blue Bottle|Lavazza|Illy|Nespresso,9 USDT,124,pending_verified_license_source,
v35-seed-p004-asset-003,P004,Bogota Coffee Shop,agent_services,agent_services,procurement_agent,Bogota Coffee Seed Procurement Agent Research Pack,Bogota Coffee Seed,,89 USDT,16,pending_verified_license_source,
v35-seed-p005-asset-001,P005,Singapore Coffee Shop,physical_goods,agri_food,coffee,Singapore Coffee Seed Reserve Arabica Whole Bean Lot,Singapore Coffee Seed,Blue Bottle|Lavazza|Illy|Nespresso,14.42 USDT,80,pending_verified_license_source,
v35-seed-p005-asset-002,P005,Singapore Coffee Shop,physical_goods,agri_food,coffee,Singapore Coffee Seed Green Coffee Sample Set,Singapore Coffee Seed,Blue Bottle|Lavazza|Illy|Nespresso,9.27 USDT,120,pending_verified_license_source,
v35-seed-p005-asset-003,P005,Singapore Coffee Shop,service_rights,service_rights,logistics_services,Singapore Coffee Seed Sourcing and Inspection Service Pass,Singapore Coffee Seed,,123.60 USDT,20,pending_verified_license_source,
v35-seed-p006-asset-001,P006,Rotterdam Coffee Shop,physical_goods,agri_food,coffee,Rotterdam Coffee Seed Reserve Arabica Whole Bean Lot,Rotterdam Coffee Seed,Blue Bottle|Lavazza|Illy|Nespresso,14.84 USDT,81,pending_verified_license_source,
v35-seed-p006-asset-002,P006,Rotterdam Coffee Shop,physical_goods,agri_food,coffee,Rotterdam Coffee Seed Green Coffee Sample Set,Rotterdam Coffee Seed,Blue Bottle|Lavazza|Illy|Nespresso,9.54 USDT,121,pending_verified_license_source,
v35-seed-p006-asset-003,P006,Rotterdam Coffee Shop,agent_services,agent_services,procurement_agent,Rotterdam Coffee Seed Procurement Agent Research Pack,Rotterdam Coffee Seed,,94.34 USDT,13,pending_verified_license_source,
v35-seed-p007-asset-001,P007,Dubai Coffee Shop,physical_goods,agri_food,coffee,Dubai Coffee Seed Reserve Arabica Whole Bean Lot,Dubai Coffee Seed,Blue Bottle|Lavazza|Illy|Nespresso,15.26 USDT,82,pending_verified_license_source,
v35-seed-p007-asset-002,P007,Dubai Coffee Shop,physical_goods,agri_food,coffee,Dubai Coffee Seed Green Coffee Sample Set,Dubai Coffee Seed,Blue Bottle|Lavazza|Illy|Nespresso,9.81 USDT,122,pending_verified_license_source,
v35-seed-p007-asset-003,P007,Dubai Coffee Shop,service_rights,service_rights,logistics_services,Dubai Coffee Seed Sourcing and Inspection Service Pass,Dubai Coffee Seed,,130.80 USDT,22,pending_verified_license_source,
v35-seed-p008-asset-001,P008,Istanbul Coffee Shop,physical_goods,agri_food,coffee,Istanbul Coffee Seed Reserve Arabica Whole Bean Lot,Istanbul Coffee Seed,Blue Bottle|Lavazza|Illy|Nespresso,14 USDT,83,pending_verified_license_source,
v35-seed-p008-asset-002,P008,Istanbul Coffee Shop,physical_goods,agri_food,coffee,Istanbul Coffee Seed Green Coffee Sample Set,Istanbul Coffee Seed,Blue Bottle|Lavazza|Illy|Nespresso,9 USDT,123,pending_verified_license_source,
v35-seed-p008-asset-003,P008,Istanbul Coffee Shop,agent_services,agent_services,procurement_agent,Istanbul Coffee Seed Procurement Agent Research Pack,Istanbul Coffee Seed,,89 USDT,15,pending_verified_license_source,
v35-seed-p009-asset-001,P009,Melbourne Coffee Shop,physical_goods,agri_food,coffee,Melbourne Coffee Seed Reserve Arabica Whole Bean Lot,Melbourne Coffee Seed,Blue Bottle|Lavazza|Illy|Nespresso,14.42 USDT,84,pending_verified_license_source,
v35-seed-p009-asset-002,P009,Melbourne Coffee Shop,physical_goods,agri_food,coffee,Melbourne Coffee Seed Green Coffee Sample Set,Melbourne Coffee Seed,Blue Bottle|Lavazza|Illy|Nespresso,9.27 USDT,124,pending_verified_license_source,
v35-seed-p009-asset-003,P009,Melbourne Coffee Shop,service_rights,service_rights,logistics_services,Melbourne Coffee Seed Sourcing and Inspection Service Pass,Melbourne Coffee Seed,,123.60 USDT,24,pending_verified_license_source,
v35-seed-p010-asset-001,P010,Seattle Coffee Shop,physical_goods,agri_food,coffee,Seattle Coffee Seed Reserve Arabica Whole Bean Lot,Seattle Coffee Seed,Blue Bottle|Lavazza|Illy|Nespresso,14.84 USDT,80,pending_verified_license_source,
v35-seed-p010-asset-002,P010,Seattle Coffee Shop,physical_goods,agri_food,coffee,Seattle Coffee Seed Green Coffee Sample Set,Seattle Coffee Seed,Blue Bottle|Lavazza|Illy|Nespresso,9.54 USDT,120,pending_verified_license_source,
v35-seed-p010-asset-003,P010,Seattle Coffee Shop,agent_services,agent_services,procurement_agent,Seattle Coffee Seed Procurement Agent Research Pack,Seattle Coffee Seed,,94.34 USDT,12,pending_verified_license_source,
v35-seed-p011-asset-001,P011,Cape Town Coffee Shop,physical_goods,agri_food,coffee,Cape Town Coffee Seed Reserve Arabica Whole Bean Lot,Cape Town Coffee Seed,Blue Bottle|Lavazza|Illy|Nespresso,15.26 USDT,81,pending_verified_license_source,
v35-seed-p011-asset-002,P011,Cape Town Coffee Shop,physical_goods,agri_food,coffee,Cape Town Coffee Seed Green Coffee Sample Set,Cape Town Coffee Seed,Blue Bottle|Lavazza|Illy|Nespresso,9.81 USDT,121,pending_verified_license_source,
v35-seed-p011-asset-003,P011,Cape Town Coffee Shop,service_rights,service_rights,logistics_services,Cape Town Coffee Seed Sourcing and Inspection Service Pass,Cape Town Coffee Seed,,130.80 USDT,21,pending_verified_license_source,
v35-seed-p012-asset-001,P012,Lisbon Coffee Shop,physical_goods,agri_food,coffee,Lisbon Coffee Seed Reserve Arabica Whole Bean Lot,Lisbon Coffee Seed,Blue Bottle|Lavazza|Illy|Nespresso,14 USDT,82,pending_verified_license_source,
v35-seed-p012-asset-002,P012,Lisbon Coffee Shop,physical_goods,agri_food,coffee,Lisbon Coffee Seed Green Coffee Sample Set,Lisbon Coffee Seed,Blue Bottle|Lavazza|Illy|Nespresso,9 USDT,122,pending_verified_license_source,
v35-seed-p012-asset-003,P012,Lisbon Coffee Shop,agent_services,agent_services,procurement_agent,Lisbon Coffee Seed Procurement Agent Research Pack,Lisbon Coffee Seed,,89 USDT,14,pending_verified_license_source,
v35-seed-p013-asset-001,P013,Seoul Coffee Shop,physical_goods,agri_food,coffee,Seoul Coffee Seed Reserve Arabica Whole Bean Lot,Seoul Coffee Seed,Blue Bottle|Lavazza|Illy|Nespresso,14.42 USDT,83,pending_verified_license_source,
v35-seed-p013-asset-002,P013,Seoul Coffee Shop,physical_goods,agri_food,coffee,Seoul Coffee Seed Green Coffee Sample Set,Seoul Coffee Seed,Blue Bottle|Lavazza|Illy|Nespresso,9.27 USDT,123,pending_verified_license_source,
v35-seed-p013-asset-003,P013,Seoul Coffee Shop,service_rights,service_rights,logistics_services,Seoul Coffee Seed Sourcing and Inspection Service Pass,Seoul Coffee Seed,,123.60 USDT,23,pending_verified_license_source,
v35-seed-p014-asset-001,P014,Milan Apparel Shop,physical_goods,fashion_textiles,garments,Milan Apparel Seed Organic Cotton Core Shirt Pack,Milan Apparel Seed,Uniqlo|Patagonia|Everlane|Levi Strauss,29.68 USDT,64,pending_verified_license_source,
v35-seed-p014-asset-002,P014,Milan Apparel Shop,physical_goods,fashion_textiles,garments,Milan Apparel Seed Linen Blend Resort Set,Milan Apparel Seed,Uniqlo|Patagonia|Everlane|Levi Strauss,44.52 USDT,49,pending_verified_license_source,
v35-seed-p014-asset-003,P014,Milan Apparel Shop,agent_services,agent_services,procurement_agent,Milan Apparel Seed Procurement Agent Research Pack,Milan Apparel Seed,,94.34 USDT,16,pending_verified_license_source,
v35-seed-p015-asset-001,P015,Paris Apparel Shop,physical_goods,fashion_textiles,garments,Paris Apparel Seed Organic Cotton Core Shirt Pack,Paris Apparel Seed,Uniqlo|Patagonia|Everlane|Levi Strauss,30.52 USDT,60,pending_verified_license_source,
v35-seed-p015-asset-002,P015,Paris Apparel Shop,physical_goods,fashion_textiles,garments,Paris Apparel Seed Linen Blend Resort Set,Paris Apparel Seed,Uniqlo|Patagonia|Everlane|Levi Strauss,45.78 USDT,45,pending_verified_license_source,
v35-seed-p015-asset-003,P015,Paris Apparel Shop,service_rights,service_rights,logistics_services,Paris Apparel Seed Sourcing and Inspection Service Pass,Paris Apparel Seed,,130.80 USDT,20,pending_verified_license_source,
v35-seed-p016-asset-001,P016,London Apparel Shop,physical_goods,fashion_textiles,garments,London Apparel Seed Organic Cotton Core Shirt Pack,London Apparel Seed,Uniqlo|Patagonia|Everlane|Levi Strauss,28 USDT,61,pending_verified_license_source,
v35-seed-p016-asset-002,P016,London Apparel Shop,physical_goods,fashion_textiles,garments,London Apparel Seed Linen Blend Resort Set,London Apparel Seed,Uniqlo|Patagonia|Everlane|Levi Strauss,42 USDT,46,pending_verified_license_source,
v35-seed-p016-asset-003,P016,London Apparel Shop,agent_services,agent_services,procurement_agent,London Apparel Seed Procurement Agent Research Pack,London Apparel Seed,,89 USDT,13,pending_verified_license_source,
v35-seed-p017-asset-001,P017,Barcelona Apparel Shop,physical_goods,fashion_textiles,garments,Barcelona Apparel Seed Organic Cotton Core Shirt Pack,Barcelona Apparel Seed,Uniqlo|Patagonia|Everlane|Levi Strauss,28.84 USDT,62,pending_verified_license_source,
v35-seed-p017-asset-002,P017,Barcelona Apparel Shop,physical_goods,fashion_textiles,garments,Barcelona Apparel Seed Linen Blend Resort Set,Barcelona Apparel Seed,Uniqlo|Patagonia|Everlane|Levi Strauss,43.26 USDT,47,pending_verified_license_source,
v35-seed-p017-asset-003,P017,Barcelona Apparel Shop,service_rights,service_rights,logistics_services,Barcelona Apparel Seed Sourcing and Inspection Service Pass,Barcelona Apparel Seed,,123.60 USDT,22,pending_verified_license_source,
v35-seed-p018-asset-001,P018,Tokyo Apparel Shop,physical_goods,fashion_textiles,garments,Tokyo Apparel Seed Organic Cotton Core Shirt Pack,Tokyo Apparel Seed,Uniqlo|Patagonia|Everlane|Levi Strauss,29.68 USDT,63,pending_verified_license_source,
v35-seed-p018-asset-002,P018,Tokyo Apparel Shop,physical_goods,fashion_textiles,garments,Tokyo Apparel Seed Linen Blend Resort Set,Tokyo Apparel Seed,Uniqlo|Patagonia|Everlane|Levi Strauss,44.52 USDT,48,pending_verified_license_source,
v35-seed-p018-asset-003,P018,Tokyo Apparel Shop,agent_services,agent_services,procurement_agent,Tokyo Apparel Seed Procurement Agent Research Pack,Tokyo Apparel Seed,,94.34 USDT,15,pending_verified_license_source,
v35-seed-p019-asset-001,P019,Seoul Apparel Shop,physical_goods,fashion_textiles,garments,Seoul Apparel Seed Organic Cotton Core Shirt Pack,Seoul Apparel Seed,Uniqlo|Patagonia|Everlane|Levi Strauss,30.52 USDT,64,pending_verified_license_source,
v35-seed-p019-asset-002,P019,Seoul Apparel Shop,physical_goods,fashion_textiles,garments,Seoul Apparel Seed Linen Blend Resort Set,Seoul Apparel Seed,Uniqlo|Patagonia|Everlane|Levi Strauss,45.78 USDT,49,pending_verified_license_source,
v35-seed-p019-asset-003,P019,Seoul Apparel Shop,service_rights,service_rights,logistics_services,Seoul Apparel Seed Sourcing and Inspection Service Pass,Seoul Apparel Seed,,130.80 USDT,24,pending_verified_license_source,
v35-seed-p020-asset-001,P020,Los Angeles Apparel Shop,physical_goods,fashion_textiles,garments,Los Angeles Apparel Seed Organic Cotton Core Shirt Pack,Los Angeles Apparel Seed,Uniqlo|Patagonia|Everlane|Levi Strauss,28 USDT,60,pending_verified_license_source,
v35-seed-p020-asset-002,P020,Los Angeles Apparel Shop,physical_goods,fashion_textiles,garments,Los Angeles Apparel Seed Linen Blend Resort Set,Los Angeles Apparel Seed,Uniqlo|Patagonia|Everlane|Levi Strauss,42 USDT,45,pending_verified_license_source,
v35-seed-p020-asset-003,P020,Los Angeles Apparel Shop,agent_services,agent_services,procurement_agent,Los Angeles Apparel Seed Procurement Agent Research Pack,Los Angeles Apparel Seed,,89 USDT,12,pending_verified_license_source,
v35-seed-p021-asset-001,P021,New York Apparel Shop,physical_goods,fashion_textiles,garments,New York Apparel Seed Organic Cotton Core Shirt Pack,New York Apparel Seed,Uniqlo|Patagonia|Everlane|Levi Strauss,28.84 USDT,61,pending_verified_license_source,
v35-seed-p021-asset-002,P021,New York Apparel Shop,physical_goods,fashion_textiles,garments,New York Apparel Seed Linen Blend Resort Set,New York Apparel Seed,Uniqlo|Patagonia|Everlane|Levi Strauss,43.26 USDT,46,pending_verified_license_source,
v35-seed-p021-asset-003,P021,New York Apparel Shop,service_rights,service_rights,logistics_services,New York Apparel Seed Sourcing and Inspection Service Pass,New York Apparel Seed,,123.60 USDT,21,pending_verified_license_source,
v35-seed-p022-asset-001,P022,Mexico City Apparel Shop,physical_goods,fashion_textiles,garments,Mexico City Apparel Seed Organic Cotton Core Shirt Pack,Mexico City Apparel Seed,Uniqlo|Patagonia|Everlane|Levi Strauss,29.68 USDT,62,pending_verified_license_source,
v35-seed-p022-asset-002,P022,Mexico City Apparel Shop,physical_goods,fashion_textiles,garments,Mexico City Apparel Seed Linen Blend Resort Set,Mexico City Apparel Seed,Uniqlo|Patagonia|Everlane|Levi Strauss,44.52 USDT,47,pending_verified_license_source,
v35-seed-p022-asset-003,P022,Mexico City Apparel Shop,agent_services,agent_services,procurement_agent,Mexico City Apparel Seed Procurement Agent Research Pack,Mexico City Apparel Seed,,94.34 USDT,14,pending_verified_license_source,
v35-seed-p023-asset-001,P023,Bangkok Apparel Shop,physical_goods,fashion_textiles,garments,Bangkok Apparel Seed Organic Cotton Core Shirt Pack,Bangkok Apparel Seed,Uniqlo|Patagonia|Everlane|Levi Strauss,30.52 USDT,63,pending_verified_license_source,
v35-seed-p023-asset-002,P023,Bangkok Apparel Shop,physical_goods,fashion_textiles,garments,Bangkok Apparel Seed Linen Blend Resort Set,Bangkok Apparel Seed,Uniqlo|Patagonia|Everlane|Levi Strauss,45.78 USDT,48,pending_verified_license_source,
v35-seed-p023-asset-003,P023,Bangkok Apparel Shop,service_rights,service_rights,logistics_services,Bangkok Apparel Seed Sourcing and Inspection Service Pass,Bangkok Apparel Seed,,130.80 USDT,23,pending_verified_license_source,
v35-seed-p024-asset-001,P024,Jakarta Apparel Shop,physical_goods,fashion_textiles,garments,Jakarta Apparel Seed Organic Cotton Core Shirt Pack,Jakarta Apparel Seed,Uniqlo|Patagonia|Everlane|Levi Strauss,28 USDT,64,pending_verified_license_source,
v35-seed-p024-asset-002,P024,Jakarta Apparel Shop,physical_goods,fashion_textiles,garments,Jakarta Apparel Seed Linen Blend Resort Set,Jakarta Apparel Seed,Uniqlo|Patagonia|Everlane|Levi Strauss,42 USDT,49,pending_verified_license_source,
v35-seed-p024-asset-003,P024,Jakarta Apparel Shop,agent_services,agent_services,procurement_agent,Jakarta Apparel Seed Procurement Agent Research Pack,Jakarta Apparel Seed,,89 USDT,16,pending_verified_license_source,
v35-seed-p025-asset-001,P025,Mumbai Apparel Shop,physical_goods,fashion_textiles,garments,Mumbai Apparel Seed Organic Cotton Core Shirt Pack,Mumbai Apparel Seed,Uniqlo|Patagonia|Everlane|Levi Strauss,28.84 USDT,60,pending_verified_license_source,
v35-seed-p025-asset-002,P025,Mumbai Apparel Shop,physical_goods,fashion_textiles,garments,Mumbai Apparel Seed Linen Blend Resort Set,Mumbai Apparel Seed,Uniqlo|Patagonia|Everlane|Levi Strauss,43.26 USDT,45,pending_verified_license_source,
v35-seed-p025-asset-003,P025,Mumbai Apparel Shop,service_rights,service_rights,logistics_services,Mumbai Apparel Seed Sourcing and Inspection Service Pass,Mumbai Apparel Seed,,123.60 USDT,20,pending_verified_license_source,
v35-seed-p026-asset-001,P026,Istanbul Apparel Shop,physical_goods,fashion_textiles,garments,Istanbul Apparel Seed Organic Cotton Core Shirt Pack,Istanbul Apparel Seed,Uniqlo|Patagonia|Everlane|Levi Strauss,29.68 USDT,61,pending_verified_license_source,
v35-seed-p026-asset-002,P026,Istanbul Apparel Shop,physical_goods,fashion_textiles,garments,Istanbul Apparel Seed Linen Blend Resort Set,Istanbul Apparel Seed,Uniqlo|Patagonia|Everlane|Levi Strauss,44.52 USDT,46,pending_verified_license_source,
v35-seed-p026-asset-003,P026,Istanbul Apparel Shop,agent_services,agent_services,procurement_agent,Istanbul Apparel Seed Procurement Agent Research Pack,Istanbul Apparel Seed,,94.34 USDT,13,pending_verified_license_source,
v35-seed-p027-asset-001,P027,Copenhagen Living Shop,physical_goods,home_living,furniture,Copenhagen Living Seed Modular Oak Shelf Unit,Copenhagen Living Seed,IKEA|Herman Miller|Muji|West Elm,196.20 USDT,26,pending_verified_license_source,
v35-seed-p027-asset-002,P027,Copenhagen Living Shop,physical_goods,home_living,furniture,Copenhagen Living Seed Compact Lounge Chair,Copenhagen Living Seed,IKEA|Herman Miller|Muji|West Elm,283.40 USDT,20,pending_verified_license_source,
v35-seed-p027-asset-003,P027,Copenhagen Living Shop,service_rights,service_rights,logistics_services,Copenhagen Living Seed Sourcing and Inspection Service Pass,Copenhagen Living Seed,,130.80 USDT,22,pending_verified_license_source,
v35-seed-p028-asset-001,P028,Stockholm Living Shop,physical_goods,home_living,furniture,Stockholm Living Seed Modular Oak Shelf Unit,Stockholm Living Seed,IKEA|Herman Miller|Muji|West Elm,180 USDT,27,pending_verified_license_source,
v35-seed-p028-asset-002,P028,Stockholm Living Shop,physical_goods,home_living,furniture,Stockholm Living Seed Compact Lounge Chair,Stockholm Living Seed,IKEA|Herman Miller|Muji|West Elm,260 USDT,21,pending_verified_license_source,
v35-seed-p028-asset-003,P028,Stockholm Living Shop,agent_services,agent_services,procurement_agent,Stockholm Living Seed Procurement Agent Research Pack,Stockholm Living Seed,,89 USDT,15,pending_verified_license_source,
v35-seed-p029-asset-001,P029,Berlin Living Shop,physical_goods,home_living,furniture,Berlin Living Seed Modular Oak Shelf Unit,Berlin Living Seed,IKEA|Herman Miller|Muji|West Elm,185.40 USDT,28,pending_verified_license_source,
v35-seed-p029-asset-002,P029,Berlin Living Shop,physical_goods,home_living,furniture,Berlin Living Seed Compact Lounge Chair,Berlin Living Seed,IKEA|Herman Miller|Muji|West Elm,267.80 USDT,22,pending_verified_license_source,
v35-seed-p029-asset-003,P029,Berlin Living Shop,service_rights,service_rights,logistics_services,Berlin Living Seed Sourcing and Inspection Service Pass,Berlin Living Seed,,123.60 USDT,24,pending_verified_license_source,
v35-seed-p030-asset-001,P030,Amsterdam Living Shop,physical_goods,home_living,furniture,Amsterdam Living Seed Modular Oak Shelf Unit,Amsterdam Living Seed,IKEA|Herman Miller|Muji|West Elm,190.80 USDT,24,pending_verified_license_source,
v35-seed-p030-asset-002,P030,Amsterdam Living Shop,physical_goods,home_living,furniture,Amsterdam Living Seed Compact Lounge Chair,Amsterdam Living Seed,IKEA|Herman Miller|Muji|West Elm,275.60 USDT,18,pending_verified_license_source,
v35-seed-p030-asset-003,P030,Amsterdam Living Shop,agent_services,agent_services,procurement_agent,Amsterdam Living Seed Procurement Agent Research Pack,Amsterdam Living Seed,,94.34 USDT,12,pending_verified_license_source,
v35-seed-p031-asset-001,P031,Singapore Living Shop,physical_goods,home_living,furniture,Singapore Living Seed Modular Oak Shelf Unit,Singapore Living Seed,IKEA|Herman Miller|Muji|West Elm,196.20 USDT,25,pending_verified_license_source,
v35-seed-p031-asset-002,P031,Singapore Living Shop,physical_goods,home_living,furniture,Singapore Living Seed Compact Lounge Chair,Singapore Living Seed,IKEA|Herman Miller|Muji|West Elm,283.40 USDT,19,pending_verified_license_source,
v35-seed-p031-asset-003,P031,Singapore Living Shop,service_rights,service_rights,logistics_services,Singapore Living Seed Sourcing and Inspection Service Pass,Singapore Living Seed,,130.80 USDT,21,pending_verified_license_source,
v35-seed-p032-asset-001,P032,Sydney Living Shop,physical_goods,home_living,furniture,Sydney Living Seed Modular Oak Shelf Unit,Sydney Living Seed,IKEA|Herman Miller|Muji|West Elm,180 USDT,26,pending_verified_license_source,
v35-seed-p032-asset-002,P032,Sydney Living Shop,physical_goods,home_living,furniture,Sydney Living Seed Compact Lounge Chair,Sydney Living Seed,IKEA|Herman Miller|Muji|West Elm,260 USDT,20,pending_verified_license_source,
v35-seed-p032-asset-003,P032,Sydney Living Shop,agent_services,agent_services,procurement_agent,Sydney Living Seed Procurement Agent Research Pack,Sydney Living Seed,,89 USDT,14,pending_verified_license_source,
v35-seed-p033-asset-001,P033,Toronto Living Shop,physical_goods,home_living,furniture,Toronto Living Seed Modular Oak Shelf Unit,Toronto Living Seed,IKEA|Herman Miller|Muji|West Elm,185.40 USDT,27,pending_verified_license_source,
v35-seed-p033-asset-002,P033,Toronto Living Shop,physical_goods,home_living,furniture,Toronto Living Seed Compact Lounge Chair,Toronto Living Seed,IKEA|Herman Miller|Muji|West Elm,267.80 USDT,21,pending_verified_license_source,
v35-seed-p033-asset-003,P033,Toronto Living Shop,service_rights,service_rights,logistics_services,Toronto Living Seed Sourcing and Inspection Service Pass,Toronto Living Seed,,123.60 USDT,23,pending_verified_license_source,
v35-seed-p034-asset-001,P034,Vancouver Living Shop,physical_goods,home_living,furniture,Vancouver Living Seed Modular Oak Shelf Unit,Vancouver Living Seed,IKEA|Herman Miller|Muji|West Elm,190.80 USDT,28,pending_verified_license_source,
v35-seed-p034-asset-002,P034,Vancouver Living Shop,physical_goods,home_living,furniture,Vancouver Living Seed Compact Lounge Chair,Vancouver Living Seed,IKEA|Herman Miller|Muji|West Elm,275.60 USDT,22,pending_verified_license_source,
v35-seed-p034-asset-003,P034,Vancouver Living Shop,agent_services,agent_services,procurement_agent,Vancouver Living Seed Procurement Agent Research Pack,Vancouver Living Seed,,94.34 USDT,16,pending_verified_license_source,
v35-seed-p035-asset-001,P035,Dubai Living Shop,physical_goods,home_living,furniture,Dubai Living Seed Modular Oak Shelf Unit,Dubai Living Seed,IKEA|Herman Miller|Muji|West Elm,196.20 USDT,24,pending_verified_license_source,
v35-seed-p035-asset-002,P035,Dubai Living Shop,physical_goods,home_living,furniture,Dubai Living Seed Compact Lounge Chair,Dubai Living Seed,IKEA|Herman Miller|Muji|West Elm,283.40 USDT,18,pending_verified_license_source,
v35-seed-p035-asset-003,P035,Dubai Living Shop,service_rights,service_rights,logistics_services,Dubai Living Seed Sourcing and Inspection Service Pass,Dubai Living Seed,,130.80 USDT,20,pending_verified_license_source,
v35-seed-p036-asset-001,P036,Hong Kong Living Shop,physical_goods,home_living,furniture,Hong Kong Living Seed Modular Oak Shelf Unit,Hong Kong Living Seed,IKEA|Herman Miller|Muji|West Elm,180 USDT,25,pending_verified_license_source,
v35-seed-p036-asset-002,P036,Hong Kong Living Shop,physical_goods,home_living,furniture,Hong Kong Living Seed Compact Lounge Chair,Hong Kong Living Seed,IKEA|Herman Miller|Muji|West Elm,260 USDT,19,pending_verified_license_source,
v35-seed-p036-asset-003,P036,Hong Kong Living Shop,agent_services,agent_services,procurement_agent,Hong Kong Living Seed Procurement Agent Research Pack,Hong Kong Living Seed,,89 USDT,13,pending_verified_license_source,
v35-seed-p037-asset-001,P037,Osaka Living Shop,physical_goods,home_living,furniture,Osaka Living Seed Modular Oak Shelf Unit,Osaka Living Seed,IKEA|Herman Miller|Muji|West Elm,185.40 USDT,26,pending_verified_license_source,
v35-seed-p037-asset-002,P037,Osaka Living Shop,physical_goods,home_living,furniture,Osaka Living Seed Compact Lounge Chair,Osaka Living Seed,IKEA|Herman Miller|Muji|West Elm,267.80 USDT,20,pending_verified_license_source,
v35-seed-p037-asset-003,P037,Osaka Living Shop,service_rights,service_rights,logistics_services,Osaka Living Seed Sourcing and Inspection Service Pass,Osaka Living Seed,,123.60 USDT,22,pending_verified_license_source,
v35-seed-p038-asset-001,P038,Sao Paulo Living Shop,physical_goods,home_living,furniture,Sao Paulo Living Seed Modular Oak Shelf Unit,Sao Paulo Living Seed,IKEA|Herman Miller|Muji|West Elm,190.80 USDT,27,pending_verified_license_source,
v35-seed-p038-asset-002,P038,Sao Paulo Living Shop,physical_goods,home_living,furniture,Sao Paulo Living Seed Compact Lounge Chair,Sao Paulo Living Seed,IKEA|Herman Miller|Muji|West Elm,275.60 USDT,21,pending_verified_license_source,
v35-seed-p038-asset-003,P038,Sao Paulo Living Shop,agent_services,agent_services,procurement_agent,Sao Paulo Living Seed Procurement Agent Research Pack,Sao Paulo Living Seed,,94.34 USDT,15,pending_verified_license_source,
v35-seed-p039-asset-001,P039,Cape Town Living Shop,physical_goods,home_living,furniture,Cape Town Living Seed Modular Oak Shelf Unit,Cape Town Living Seed,IKEA|Herman Miller|Muji|West Elm,196.20 USDT,28,pending_verified_license_source,
v35-seed-p039-asset-002,P039,Cape Town Living Shop,physical_goods,home_living,furniture,Cape Town Living Seed Compact Lounge Chair,Cape Town Living Seed,IKEA|Herman Miller|Muji|West Elm,283.40 USDT,22,pending_verified_license_source,
v35-seed-p039-asset-003,P039,Cape Town Living Shop,service_rights,service_rights,logistics_services,Cape Town Living Seed Sourcing and Inspection Service Pass,Cape Town Living Seed,,130.80 USDT,24,pending_verified_license_source,
v35-seed-p040-asset-001,P040,Seoul Device Shop,physical_goods,consumer_electronics,mobile_devices,Seoul Device Seed Renewed Smartphone Lot,Seoul Device Seed,Apple|Samsung|Xiaomi|Google Pixel,220 USDT,35,pending_verified_license_source,
v35-seed-p040-asset-002,P040,Seoul Device Shop,physical_goods,consumer_electronics,mobile_devices,Seoul Device Seed Tablet Retail Demo Bundle,Seoul Device Seed,Apple|Samsung|Xiaomi|Google Pixel,310 USDT,20,pending_verified_license_source,
v35-seed-p040-asset-003,P040,Seoul Device Shop,agent_services,agent_services,procurement_agent,Seoul Device Seed Procurement Agent Research Pack,Seoul Device Seed,,89 USDT,12,pending_verified_license_source,
v35-seed-p041-asset-001,P041,Shenzhen Device Shop,physical_goods,consumer_electronics,mobile_devices,Shenzhen Device Seed Renewed Smartphone Lot,Shenzhen Device Seed,Apple|Samsung|Xiaomi|Google Pixel,226.60 USDT,36,pending_verified_license_source,
v35-seed-p041-asset-002,P041,Shenzhen Device Shop,physical_goods,consumer_electronics,mobile_devices,Shenzhen Device Seed Tablet Retail Demo Bundle,Shenzhen Device Seed,Apple|Samsung|Xiaomi|Google Pixel,319.30 USDT,21,pending_verified_license_source,
v35-seed-p041-asset-003,P041,Shenzhen Device Shop,service_rights,service_rights,logistics_services,Shenzhen Device Seed Sourcing and Inspection Service Pass,Shenzhen Device Seed,,123.60 USDT,21,pending_verified_license_source,
v35-seed-p042-asset-001,P042,Tokyo Device Shop,physical_goods,consumer_electronics,mobile_devices,Tokyo Device Seed Renewed Smartphone Lot,Tokyo Device Seed,Apple|Samsung|Xiaomi|Google Pixel,233.20 USDT,37,pending_verified_license_source,
v35-seed-p042-asset-002,P042,Tokyo Device Shop,physical_goods,consumer_electronics,mobile_devices,Tokyo Device Seed Tablet Retail Demo Bundle,Tokyo Device Seed,Apple|Samsung|Xiaomi|Google Pixel,328.60 USDT,22,pending_verified_license_source,
v35-seed-p042-asset-003,P042,Tokyo Device Shop,agent_services,agent_services,procurement_agent,Tokyo Device Seed Procurement Agent Research Pack,Tokyo Device Seed,,94.34 USDT,14,pending_verified_license_source,
v35-seed-p043-asset-001,P043,Singapore Device Shop,physical_goods,consumer_electronics,mobile_devices,Singapore Device Seed Renewed Smartphone Lot,Singapore Device Seed,Apple|Samsung|Xiaomi|Google Pixel,239.80 USDT,38,pending_verified_license_source,
v35-seed-p043-asset-002,P043,Singapore Device Shop,physical_goods,consumer_electronics,mobile_devices,Singapore Device Seed Tablet Retail Demo Bundle,Singapore Device Seed,Apple|Samsung|Xiaomi|Google Pixel,337.90 USDT,23,pending_verified_license_source,
v35-seed-p043-asset-003,P043,Singapore Device Shop,service_rights,service_rights,logistics_services,Singapore Device Seed Sourcing and Inspection Service Pass,Singapore Device Seed,,130.80 USDT,23,pending_verified_license_source,
v35-seed-p044-asset-001,P044,Taipei Device Shop,physical_goods,consumer_electronics,mobile_devices,Taipei Device Seed Renewed Smartphone Lot,Taipei Device Seed,Apple|Samsung|Xiaomi|Google Pixel,220 USDT,39,pending_verified_license_source,
v35-seed-p044-asset-002,P044,Taipei Device Shop,physical_goods,consumer_electronics,mobile_devices,Taipei Device Seed Tablet Retail Demo Bundle,Taipei Device Seed,Apple|Samsung|Xiaomi|Google Pixel,310 USDT,24,pending_verified_license_source,
v35-seed-p044-asset-003,P044,Taipei Device Shop,agent_services,agent_services,procurement_agent,Taipei Device Seed Procurement Agent Research Pack,Taipei Device Seed,,89 USDT,16,pending_verified_license_source,
v35-seed-p045-asset-001,P045,Dubai Device Shop,physical_goods,consumer_electronics,mobile_devices,Dubai Device Seed Renewed Smartphone Lot,Dubai Device Seed,Apple|Samsung|Xiaomi|Google Pixel,226.60 USDT,35,pending_verified_license_source,
v35-seed-p045-asset-002,P045,Dubai Device Shop,physical_goods,consumer_electronics,mobile_devices,Dubai Device Seed Tablet Retail Demo Bundle,Dubai Device Seed,Apple|Samsung|Xiaomi|Google Pixel,319.30 USDT,20,pending_verified_license_source,
v35-seed-p045-asset-003,P045,Dubai Device Shop,service_rights,service_rights,logistics_services,Dubai Device Seed Sourcing and Inspection Service Pass,Dubai Device Seed,,123.60 USDT,20,pending_verified_license_source,
v35-seed-p046-asset-001,P046,London Device Shop,physical_goods,consumer_electronics,mobile_devices,London Device Seed Renewed Smartphone Lot,London Device Seed,Apple|Samsung|Xiaomi|Google Pixel,233.20 USDT,36,pending_verified_license_source,
v35-seed-p046-asset-002,P046,London Device Shop,physical_goods,consumer_electronics,mobile_devices,London Device Seed Tablet Retail Demo Bundle,London Device Seed,Apple|Samsung|Xiaomi|Google Pixel,328.60 USDT,21,pending_verified_license_source,
v35-seed-p046-asset-003,P046,London Device Shop,agent_services,agent_services,procurement_agent,London Device Seed Procurement Agent Research Pack,London Device Seed,,94.34 USDT,13,pending_verified_license_source,
v35-seed-p047-asset-001,P047,New York Device Shop,physical_goods,consumer_electronics,mobile_devices,New York Device Seed Renewed Smartphone Lot,New York Device Seed,Apple|Samsung|Xiaomi|Google Pixel,239.80 USDT,37,pending_verified_license_source,
v35-seed-p047-asset-002,P047,New York Device Shop,physical_goods,consumer_electronics,mobile_devices,New York Device Seed Tablet Retail Demo Bundle,New York Device Seed,Apple|Samsung|Xiaomi|Google Pixel,337.90 USDT,22,pending_verified_license_source,
v35-seed-p047-asset-003,P047,New York Device Shop,service_rights,service_rights,logistics_services,New York Device Seed Sourcing and Inspection Service Pass,New York Device Seed,,130.80 USDT,22,pending_verified_license_source,
v35-seed-p048-asset-001,P048,Berlin Device Shop,physical_goods,consumer_electronics,mobile_devices,Berlin Device Seed Renewed Smartphone Lot,Berlin Device Seed,Apple|Samsung|Xiaomi|Google Pixel,220 USDT,38,pending_verified_license_source,
v35-seed-p048-asset-002,P048,Berlin Device Shop,physical_goods,consumer_electronics,mobile_devices,Berlin Device Seed Tablet Retail Demo Bundle,Berlin Device Seed,Apple|Samsung|Xiaomi|Google Pixel,310 USDT,23,pending_verified_license_source,
v35-seed-p048-asset-003,P048,Berlin Device Shop,agent_services,agent_services,procurement_agent,Berlin Device Seed Procurement Agent Research Pack,Berlin Device Seed,,89 USDT,15,pending_verified_license_source,
v35-seed-p049-asset-001,P049,Bangalore Device Shop,physical_goods,consumer_electronics,mobile_devices,Bangalore Device Seed Renewed Smartphone Lot,Bangalore Device Seed,Apple|Samsung|Xiaomi|Google Pixel,226.60 USDT,39,pending_verified_license_source,
v35-seed-p049-asset-002,P049,Bangalore Device Shop,physical_goods,consumer_electronics,mobile_devices,Bangalore Device Seed Tablet Retail Demo Bundle,Bangalore Device Seed,Apple|Samsung|Xiaomi|Google Pixel,319.30 USDT,24,pending_verified_license_source,
v35-seed-p049-asset-003,P049,Bangalore Device Shop,service_rights,service_rights,logistics_services,Bangalore Device Seed Sourcing and Inspection Service Pass,Bangalore Device Seed,,123.60 USDT,24,pending_verified_license_source,
v35-seed-p050-asset-001,P050,Bangkok Device Shop,physical_goods,consumer_electronics,mobile_devices,Bangkok Device Seed Renewed Smartphone Lot,Bangkok Device Seed,Apple|Samsung|Xiaomi|Google Pixel,233.20 USDT,35,pending_verified_license_source,
v35-seed-p050-asset-002,P050,Bangkok Device Shop,physical_goods,consumer_electronics,mobile_devices,Bangkok Device Seed Tablet Retail Demo Bundle,Bangkok Device Seed,Apple|Samsung|Xiaomi|Google Pixel,328.60 USDT,20,pending_verified_license_source,
v35-seed-p050-asset-003,P050,Bangkok Device Shop,agent_services,agent_services,procurement_agent,Bangkok Device Seed Procurement Agent Research Pack,Bangkok Device Seed,,94.34 USDT,12,pending_verified_license_source,
v35-seed-p051-asset-001,P051,Sao Paulo Device Shop,physical_goods,consumer_electronics,mobile_devices,Sao Paulo Device Seed Renewed Smartphone Lot,Sao Paulo Device Seed,Apple|Samsung|Xiaomi|Google Pixel,239.80 USDT,36,pending_verified_license_source,
v35-seed-p051-asset-002,P051,Sao Paulo Device Shop,physical_goods,consumer_electronics,mobile_devices,Sao Paulo Device Seed Tablet Retail Demo Bundle,Sao Paulo Device Seed,Apple|Samsung|Xiaomi|Google Pixel,337.90 USDT,21,pending_verified_license_source,
v35-seed-p051-asset-003,P051,Sao Paulo Device Shop,service_rights,service_rights,logistics_services,Sao Paulo Device Seed Sourcing and Inspection Service Pass,Sao Paulo Device Seed,,130.80 USDT,21,pending_verified_license_source,
v35-seed-p052-asset-001,P052,Mexico City Device Shop,physical_goods,consumer_electronics,mobile_devices,Mexico City Device Seed Renewed Smartphone Lot,Mexico City Device Seed,Apple|Samsung|Xiaomi|Google Pixel,220 USDT,37,pending_verified_license_source,
v35-seed-p052-asset-002,P052,Mexico City Device Shop,physical_goods,consumer_electronics,mobile_devices,Mexico City Device Seed Tablet Retail Demo Bundle,Mexico City Device Seed,Apple|Samsung|Xiaomi|Google Pixel,310 USDT,22,pending_verified_license_source,
v35-seed-p052-asset-003,P052,Mexico City Device Shop,agent_services,agent_services,procurement_agent,Mexico City Device Seed Procurement Agent Research Pack,Mexico City Device Seed,,89 USDT,14,pending_verified_license_source,
v35-seed-p053-asset-001,P053,Rotterdam Tool Supply,physical_goods,industrial_supply,tools_equipment,Rotterdam Tool Seed Cordless Drill Workshop Kit,Rotterdam Tool Seed,Bosch|Makita|DeWalt|Milwaukee,149.35 USDT,31,pending_verified_license_source,
v35-seed-p053-asset-002,P053,Rotterdam Tool Supply,physical_goods,industrial_supply,tools_equipment,Rotterdam Tool Seed Precision Hand Tool Set,Rotterdam Tool Seed,Bosch|Makita|DeWalt|Milwaukee,80.34 USDT,43,pending_verified_license_source,
v35-seed-p053-asset-003,P053,Rotterdam Tool Supply,service_rights,service_rights,logistics_services,Rotterdam Tool Seed Sourcing and Inspection Service Pass,Rotterdam Tool Seed,,123.60 USDT,23,pending_verified_license_source,
v35-seed-p054-asset-001,P054,Hamburg Tool Supply,physical_goods,industrial_supply,tools_equipment,Hamburg Tool Seed Cordless Drill Workshop Kit,Hamburg Tool Seed,Bosch|Makita|DeWalt|Milwaukee,153.70 USDT,32,pending_verified_license_source,
v35-seed-p054-asset-002,P054,Hamburg Tool Supply,physical_goods,industrial_supply,tools_equipment,Hamburg Tool Seed Precision Hand Tool Set,Hamburg Tool Seed,Bosch|Makita|DeWalt|Milwaukee,82.68 USDT,44,pending_verified_license_source,
v35-seed-p054-asset-003,P054,Hamburg Tool Supply,agent_services,agent_services,procurement_agent,Hamburg Tool Seed Procurement Agent Research Pack,Hamburg Tool Seed,,94.34 USDT,16,pending_verified_license_source,
v35-seed-p055-asset-001,P055,Houston Tool Supply,physical_goods,industrial_supply,tools_equipment,Houston Tool Seed Cordless Drill Workshop Kit,Houston Tool Seed,Bosch|Makita|DeWalt|Milwaukee,158.05 USDT,28,pending_verified_license_source,
v35-seed-p055-asset-002,P055,Houston Tool Supply,physical_goods,industrial_supply,tools_equipment,Houston Tool Seed Precision Hand Tool Set,Houston Tool Seed,Bosch|Makita|DeWalt|Milwaukee,85.02 USDT,40,pending_verified_license_source,
v35-seed-p055-asset-003,P055,Houston Tool Supply,service_rights,service_rights,logistics_services,Houston Tool Seed Sourcing and Inspection Service Pass,Houston Tool Seed,,130.80 USDT,20,pending_verified_license_source,
v35-seed-p056-asset-001,P056,Chicago Tool Supply,physical_goods,industrial_supply,tools_equipment,Chicago Tool Seed Cordless Drill Workshop Kit,Chicago Tool Seed,Bosch|Makita|DeWalt|Milwaukee,145 USDT,29,pending_verified_license_source,
v35-seed-p056-asset-002,P056,Chicago Tool Supply,physical_goods,industrial_supply,tools_equipment,Chicago Tool Seed Precision Hand Tool Set,Chicago Tool Seed,Bosch|Makita|DeWalt|Milwaukee,78 USDT,41,pending_verified_license_source,
v35-seed-p056-asset-003,P056,Chicago Tool Supply,agent_services,agent_services,procurement_agent,Chicago Tool Seed Procurement Agent Research Pack,Chicago Tool Seed,,89 USDT,13,pending_verified_license_source,
v35-seed-p057-asset-001,P057,Dubai Tool Supply,physical_goods,industrial_supply,tools_equipment,Dubai Tool Seed Cordless Drill Workshop Kit,Dubai Tool Seed,Bosch|Makita|DeWalt|Milwaukee,149.35 USDT,30,pending_verified_license_source,
v35-seed-p057-asset-002,P057,Dubai Tool Supply,physical_goods,industrial_supply,tools_equipment,Dubai Tool Seed Precision Hand Tool Set,Dubai Tool Seed,Bosch|Makita|DeWalt|Milwaukee,80.34 USDT,42,pending_verified_license_source,
v35-seed-p057-asset-003,P057,Dubai Tool Supply,service_rights,service_rights,logistics_services,Dubai Tool Seed Sourcing and Inspection Service Pass,Dubai Tool Seed,,123.60 USDT,22,pending_verified_license_source,
v35-seed-p058-asset-001,P058,Singapore Tool Supply,physical_goods,industrial_supply,tools_equipment,Singapore Tool Seed Cordless Drill Workshop Kit,Singapore Tool Seed,Bosch|Makita|DeWalt|Milwaukee,153.70 USDT,31,pending_verified_license_source,
v35-seed-p058-asset-002,P058,Singapore Tool Supply,physical_goods,industrial_supply,tools_equipment,Singapore Tool Seed Precision Hand Tool Set,Singapore Tool Seed,Bosch|Makita|DeWalt|Milwaukee,82.68 USDT,43,pending_verified_license_source,
v35-seed-p058-asset-003,P058,Singapore Tool Supply,agent_services,agent_services,procurement_agent,Singapore Tool Seed Procurement Agent Research Pack,Singapore Tool Seed,,94.34 USDT,15,pending_verified_license_source,
v35-seed-p059-asset-001,P059,Shanghai Tool Supply,physical_goods,industrial_supply,tools_equipment,Shanghai Tool Seed Cordless Drill Workshop Kit,Shanghai Tool Seed,Bosch|Makita|DeWalt|Milwaukee,158.05 USDT,32,pending_verified_license_source,
v35-seed-p059-asset-002,P059,Shanghai Tool Supply,physical_goods,industrial_supply,tools_equipment,Shanghai Tool Seed Precision Hand Tool Set,Shanghai Tool Seed,Bosch|Makita|DeWalt|Milwaukee,85.02 USDT,44,pending_verified_license_source,
v35-seed-p059-asset-003,P059,Shanghai Tool Supply,service_rights,service_rights,logistics_services,Shanghai Tool Seed Sourcing and Inspection Service Pass,Shanghai Tool Seed,,130.80 USDT,24,pending_verified_license_source,
v35-seed-p060-asset-001,P060,Ho Chi Minh Tool Supply,physical_goods,industrial_supply,tools_equipment,Ho Chi Minh Tool Seed Cordless Drill Workshop Kit,Ho Chi Minh Tool Seed,Bosch|Makita|DeWalt|Milwaukee,145 USDT,28,pending_verified_license_source,
v35-seed-p060-asset-002,P060,Ho Chi Minh Tool Supply,physical_goods,industrial_supply,tools_equipment,Ho Chi Minh Tool Seed Precision Hand Tool Set,Ho Chi Minh Tool Seed,Bosch|Makita|DeWalt|Milwaukee,78 USDT,40,pending_verified_license_source,
v35-seed-p060-asset-003,P060,Ho Chi Minh Tool Supply,agent_services,agent_services,procurement_agent,Ho Chi Minh Tool Seed Procurement Agent Research Pack,Ho Chi Minh Tool Seed,,89 USDT,12,pending_verified_license_source,
v35-seed-p061-asset-001,P061,Bangkok Tool Supply,physical_goods,industrial_supply,tools_equipment,Bangkok Tool Seed Cordless Drill Workshop Kit,Bangkok Tool Seed,Bosch|Makita|DeWalt|Milwaukee,149.35 USDT,29,pending_verified_license_source,
v35-seed-p061-asset-002,P061,Bangkok Tool Supply,physical_goods,industrial_supply,tools_equipment,Bangkok Tool Seed Precision Hand Tool Set,Bangkok Tool Seed,Bosch|Makita|DeWalt|Milwaukee,80.34 USDT,41,pending_verified_license_source,
v35-seed-p061-asset-003,P061,Bangkok Tool Supply,service_rights,service_rights,logistics_services,Bangkok Tool Seed Sourcing and Inspection Service Pass,Bangkok Tool Seed,,123.60 USDT,21,pending_verified_license_source,
v35-seed-p062-asset-001,P062,Mumbai Tool Supply,physical_goods,industrial_supply,tools_equipment,Mumbai Tool Seed Cordless Drill Workshop Kit,Mumbai Tool Seed,Bosch|Makita|DeWalt|Milwaukee,153.70 USDT,30,pending_verified_license_source,
v35-seed-p062-asset-002,P062,Mumbai Tool Supply,physical_goods,industrial_supply,tools_equipment,Mumbai Tool Seed Precision Hand Tool Set,Mumbai Tool Seed,Bosch|Makita|DeWalt|Milwaukee,82.68 USDT,42,pending_verified_license_source,
v35-seed-p062-asset-003,P062,Mumbai Tool Supply,agent_services,agent_services,procurement_agent,Mumbai Tool Seed Procurement Agent Research Pack,Mumbai Tool Seed,,94.34 USDT,14,pending_verified_license_source,
v35-seed-p063-asset-001,P063,Istanbul Tool Supply,physical_goods,industrial_supply,tools_equipment,Istanbul Tool Seed Cordless Drill Workshop Kit,Istanbul Tool Seed,Bosch|Makita|DeWalt|Milwaukee,158.05 USDT,31,pending_verified_license_source,
v35-seed-p063-asset-002,P063,Istanbul Tool Supply,physical_goods,industrial_supply,tools_equipment,Istanbul Tool Seed Precision Hand Tool Set,Istanbul Tool Seed,Bosch|Makita|DeWalt|Milwaukee,85.02 USDT,43,pending_verified_license_source,
v35-seed-p063-asset-003,P063,Istanbul Tool Supply,service_rights,service_rights,logistics_services,Istanbul Tool Seed Sourcing and Inspection Service Pass,Istanbul Tool Seed,,130.80 USDT,23,pending_verified_license_source,
v35-seed-p064-asset-001,P064,Sao Paulo Tool Supply,physical_goods,industrial_supply,tools_equipment,Sao Paulo Tool Seed Cordless Drill Workshop Kit,Sao Paulo Tool Seed,Bosch|Makita|DeWalt|Milwaukee,145 USDT,32,pending_verified_license_source,
v35-seed-p064-asset-002,P064,Sao Paulo Tool Supply,physical_goods,industrial_supply,tools_equipment,Sao Paulo Tool Seed Precision Hand Tool Set,Sao Paulo Tool Seed,Bosch|Makita|DeWalt|Milwaukee,78 USDT,44,pending_verified_license_source,
v35-seed-p064-asset-003,P064,Sao Paulo Tool Supply,agent_services,agent_services,procurement_agent,Sao Paulo Tool Seed Procurement Agent Research Pack,Sao Paulo Tool Seed,,89 USDT,16,pending_verified_license_source,
v35-seed-p065-asset-001,P065,Detroit Motor Parts Shop,physical_goods,automotive_parts,engine_parts,Detroit Motor Parts Seed Engine Filter Service Pack,Detroit Motor Parts Seed,Bosch Automotive|Brembo|Denso|NGK,37.08 USDT,50,pending_verified_license_source,
v35-seed-p065-asset-002,P065,Detroit Motor Parts Shop,physical_goods,automotive_parts,engine_parts,Detroit Motor Parts Seed Brake Maintenance Component Kit,Detroit Motor Parts Seed,Bosch Automotive|Brembo|Denso|NGK,97.85 USDT,32,pending_verified_license_source,
v35-seed-p065-asset-003,P065,Detroit Motor Parts Shop,service_rights,service_rights,logistics_services,Detroit Motor Parts Seed Sourcing and Inspection Service Pass,Detroit Motor Parts Seed,,123.60 USDT,20,pending_verified_license_source,
v35-seed-p066-asset-001,P066,Stuttgart Motor Parts Shop,physical_goods,automotive_parts,engine_parts,Stuttgart Motor Parts Seed Engine Filter Service Pack,Stuttgart Motor Parts Seed,Bosch Automotive|Brembo|Denso|NGK,38.16 USDT,51,pending_verified_license_source,
v35-seed-p066-asset-002,P066,Stuttgart Motor Parts Shop,physical_goods,automotive_parts,engine_parts,Stuttgart Motor Parts Seed Brake Maintenance Component Kit,Stuttgart Motor Parts Seed,Bosch Automotive|Brembo|Denso|NGK,100.70 USDT,33,pending_verified_license_source,
v35-seed-p066-asset-003,P066,Stuttgart Motor Parts Shop,agent_services,agent_services,procurement_agent,Stuttgart Motor Parts Seed Procurement Agent Research Pack,Stuttgart Motor Parts Seed,,94.34 USDT,13,pending_verified_license_source,
v35-seed-p067-asset-001,P067,Nagoya Motor Parts Shop,physical_goods,automotive_parts,engine_parts,Nagoya Motor Parts Seed Engine Filter Service Pack,Nagoya Motor Parts Seed,Bosch Automotive|Brembo|Denso|NGK,39.24 USDT,52,pending_verified_license_source,
v35-seed-p067-asset-002,P067,Nagoya Motor Parts Shop,physical_goods,automotive_parts,engine_parts,Nagoya Motor Parts Seed Brake Maintenance Component Kit,Nagoya Motor Parts Seed,Bosch Automotive|Brembo|Denso|NGK,103.55 USDT,34,pending_verified_license_source,
v35-seed-p067-asset-003,P067,Nagoya Motor Parts Shop,service_rights,service_rights,logistics_services,Nagoya Motor Parts Seed Sourcing and Inspection Service Pass,Nagoya Motor Parts Seed,,130.80 USDT,22,pending_verified_license_source,
v35-seed-p068-asset-001,P068,Turin Motor Parts Shop,physical_goods,automotive_parts,engine_parts,Turin Motor Parts Seed Engine Filter Service Pack,Turin Motor Parts Seed,Bosch Automotive|Brembo|Denso|NGK,36 USDT,53,pending_verified_license_source,
v35-seed-p068-asset-002,P068,Turin Motor Parts Shop,physical_goods,automotive_parts,engine_parts,Turin Motor Parts Seed Brake Maintenance Component Kit,Turin Motor Parts Seed,Bosch Automotive|Brembo|Denso|NGK,95 USDT,35,pending_verified_license_source,
v35-seed-p068-asset-003,P068,Turin Motor Parts Shop,agent_services,agent_services,procurement_agent,Turin Motor Parts Seed Procurement Agent Research Pack,Turin Motor Parts Seed,,89 USDT,15,pending_verified_license_source,
v35-seed-p069-asset-001,P069,Seoul Motor Parts Shop,physical_goods,automotive_parts,engine_parts,Seoul Motor Parts Seed Engine Filter Service Pack,Seoul Motor Parts Seed,Bosch Automotive|Brembo|Denso|NGK,37.08 USDT,54,pending_verified_license_source,
v35-seed-p069-asset-002,P069,Seoul Motor Parts Shop,physical_goods,automotive_parts,engine_parts,Seoul Motor Parts Seed Brake Maintenance Component Kit,Seoul Motor Parts Seed,Bosch Automotive|Brembo|Denso|NGK,97.85 USDT,36,pending_verified_license_source,
v35-seed-p069-asset-003,P069,Seoul Motor Parts Shop,service_rights,service_rights,logistics_services,Seoul Motor Parts Seed Sourcing and Inspection Service Pass,Seoul Motor Parts Seed,,123.60 USDT,24,pending_verified_license_source,
v35-seed-p070-asset-001,P070,Bangkok Motor Parts Shop,physical_goods,automotive_parts,engine_parts,Bangkok Motor Parts Seed Engine Filter Service Pack,Bangkok Motor Parts Seed,Bosch Automotive|Brembo|Denso|NGK,38.16 USDT,50,pending_verified_license_source,
v35-seed-p070-asset-002,P070,Bangkok Motor Parts Shop,physical_goods,automotive_parts,engine_parts,Bangkok Motor Parts Seed Brake Maintenance Component Kit,Bangkok Motor Parts Seed,Bosch Automotive|Brembo|Denso|NGK,100.70 USDT,32,pending_verified_license_source,
v35-seed-p070-asset-003,P070,Bangkok Motor Parts Shop,agent_services,agent_services,procurement_agent,Bangkok Motor Parts Seed Procurement Agent Research Pack,Bangkok Motor Parts Seed,,94.34 USDT,12,pending_verified_license_source,
v35-seed-p071-asset-001,P071,Mexico City Motor Parts Shop,physical_goods,automotive_parts,engine_parts,Mexico City Motor Parts Seed Engine Filter Service Pack,Mexico City Motor Parts Seed,Bosch Automotive|Brembo|Denso|NGK,39.24 USDT,51,pending_verified_license_source,
v35-seed-p071-asset-002,P071,Mexico City Motor Parts Shop,physical_goods,automotive_parts,engine_parts,Mexico City Motor Parts Seed Brake Maintenance Component Kit,Mexico City Motor Parts Seed,Bosch Automotive|Brembo|Denso|NGK,103.55 USDT,33,pending_verified_license_source,
v35-seed-p071-asset-003,P071,Mexico City Motor Parts Shop,service_rights,service_rights,logistics_services,Mexico City Motor Parts Seed Sourcing and Inspection Service Pass,Mexico City Motor Parts Seed,,130.80 USDT,21,pending_verified_license_source,
v35-seed-p072-asset-001,P072,Sao Paulo Motor Parts Shop,physical_goods,automotive_parts,engine_parts,Sao Paulo Motor Parts Seed Engine Filter Service Pack,Sao Paulo Motor Parts Seed,Bosch Automotive|Brembo|Denso|NGK,36 USDT,52,pending_verified_license_source,
v35-seed-p072-asset-002,P072,Sao Paulo Motor Parts Shop,physical_goods,automotive_parts,engine_parts,Sao Paulo Motor Parts Seed Brake Maintenance Component Kit,Sao Paulo Motor Parts Seed,Bosch Automotive|Brembo|Denso|NGK,95 USDT,34,pending_verified_license_source,
v35-seed-p072-asset-003,P072,Sao Paulo Motor Parts Shop,agent_services,agent_services,procurement_agent,Sao Paulo Motor Parts Seed Procurement Agent Research Pack,Sao Paulo Motor Parts Seed,,89 USDT,14,pending_verified_license_source,
v35-seed-p073-asset-001,P073,Dubai Motor Parts Shop,physical_goods,automotive_parts,engine_parts,Dubai Motor Parts Seed Engine Filter Service Pack,Dubai Motor Parts Seed,Bosch Automotive|Brembo|Denso|NGK,37.08 USDT,53,pending_verified_license_source,
v35-seed-p073-asset-002,P073,Dubai Motor Parts Shop,physical_goods,automotive_parts,engine_parts,Dubai Motor Parts Seed Brake Maintenance Component Kit,Dubai Motor Parts Seed,Bosch Automotive|Brembo|Denso|NGK,97.85 USDT,35,pending_verified_license_source,
v35-seed-p073-asset-003,P073,Dubai Motor Parts Shop,service_rights,service_rights,logistics_services,Dubai Motor Parts Seed Sourcing and Inspection Service Pass,Dubai Motor Parts Seed,,123.60 USDT,23,pending_verified_license_source,
v35-seed-p074-asset-001,P074,Istanbul Motor Parts Shop,physical_goods,automotive_parts,engine_parts,Istanbul Motor Parts Seed Engine Filter Service Pack,Istanbul Motor Parts Seed,Bosch Automotive|Brembo|Denso|NGK,38.16 USDT,54,pending_verified_license_source,
v35-seed-p074-asset-002,P074,Istanbul Motor Parts Shop,physical_goods,automotive_parts,engine_parts,Istanbul Motor Parts Seed Brake Maintenance Component Kit,Istanbul Motor Parts Seed,Bosch Automotive|Brembo|Denso|NGK,100.70 USDT,36,pending_verified_license_source,
v35-seed-p074-asset-003,P074,Istanbul Motor Parts Shop,agent_services,agent_services,procurement_agent,Istanbul Motor Parts Seed Procurement Agent Research Pack,Istanbul Motor Parts Seed,,94.34 USDT,16,pending_verified_license_source,
v35-seed-p075-asset-001,P075,Melbourne Motor Parts Shop,physical_goods,automotive_parts,engine_parts,Melbourne Motor Parts Seed Engine Filter Service Pack,Melbourne Motor Parts Seed,Bosch Automotive|Brembo|Denso|NGK,39.24 USDT,50,pending_verified_license_source,
v35-seed-p075-asset-002,P075,Melbourne Motor Parts Shop,physical_goods,automotive_parts,engine_parts,Melbourne Motor Parts Seed Brake Maintenance Component Kit,Melbourne Motor Parts Seed,Bosch Automotive|Brembo|Denso|NGK,103.55 USDT,32,pending_verified_license_source,
v35-seed-p075-asset-003,P075,Melbourne Motor Parts Shop,service_rights,service_rights,logistics_services,Melbourne Motor Parts Seed Sourcing and Inspection Service Pass,Melbourne Motor Parts Seed,,130.80 USDT,20,pending_verified_license_source,
v35-seed-p076-asset-001,P076,Johannesburg Motor Parts Shop,physical_goods,automotive_parts,engine_parts,Johannesburg Motor Parts Seed Engine Filter Service Pack,Johannesburg Motor Parts Seed,Bosch Automotive|Brembo|Denso|NGK,36 USDT,51,pending_verified_license_source,
v35-seed-p076-asset-002,P076,Johannesburg Motor Parts Shop,physical_goods,automotive_parts,engine_parts,Johannesburg Motor Parts Seed Brake Maintenance Component Kit,Johannesburg Motor Parts Seed,Bosch Automotive|Brembo|Denso|NGK,95 USDT,33,pending_verified_license_source,
v35-seed-p076-asset-003,P076,Johannesburg Motor Parts Shop,agent_services,agent_services,procurement_agent,Johannesburg Motor Parts Seed Procurement Agent Research Pack,Johannesburg Motor Parts Seed,,89 USDT,13,pending_verified_license_source,
v35-seed-p077-asset-001,P077,Shanghai Metal Supply,physical_goods,raw_materials_packaging,metals,Shanghai Metal Seed Aluminum Sheet Procurement Lot,Shanghai Metal Seed,ArcelorMittal|Rio Tinto|Alcoa|Nucor,3.91 USDT,502,pending_verified_license_source,
v35-seed-p077-asset-002,P077,Shanghai Metal Supply,physical_goods,raw_materials_packaging,metals,Shanghai Metal Seed Stainless Fastener Box,Shanghai Metal Seed,ArcelorMittal|Rio Tinto|Alcoa|Nucor,22.66 USDT,92,pending_verified_license_source,
v35-seed-p077-asset-003,P077,Shanghai Metal Supply,service_rights,service_rights,logistics_services,Shanghai Metal Seed Sourcing and Inspection Service Pass,Shanghai Metal Seed,,123.60 USDT,22,pending_verified_license_source,
v35-seed-p078-asset-001,P078,Singapore Metal Supply,physical_goods,raw_materials_packaging,metals,Singapore Metal Seed Aluminum Sheet Procurement Lot,Singapore Metal Seed,ArcelorMittal|Rio Tinto|Alcoa|Nucor,4.03 USDT,503,pending_verified_license_source,
v35-seed-p078-asset-002,P078,Singapore Metal Supply,physical_goods,raw_materials_packaging,metals,Singapore Metal Seed Stainless Fastener Box,Singapore Metal Seed,ArcelorMittal|Rio Tinto|Alcoa|Nucor,23.32 USDT,93,pending_verified_license_source,
v35-seed-p078-asset-003,P078,Singapore Metal Supply,agent_services,agent_services,procurement_agent,Singapore Metal Seed Procurement Agent Research Pack,Singapore Metal Seed,,94.34 USDT,15,pending_verified_license_source,
v35-seed-p079-asset-001,P079,Rotterdam Metal Supply,physical_goods,raw_materials_packaging,metals,Rotterdam Metal Seed Aluminum Sheet Procurement Lot,Rotterdam Metal Seed,ArcelorMittal|Rio Tinto|Alcoa|Nucor,4.14 USDT,504,pending_verified_license_source,
v35-seed-p079-asset-002,P079,Rotterdam Metal Supply,physical_goods,raw_materials_packaging,metals,Rotterdam Metal Seed Stainless Fastener Box,Rotterdam Metal Seed,ArcelorMittal|Rio Tinto|Alcoa|Nucor,23.98 USDT,94,pending_verified_license_source,
v35-seed-p079-asset-003,P079,Rotterdam Metal Supply,service_rights,service_rights,logistics_services,Rotterdam Metal Seed Sourcing and Inspection Service Pass,Rotterdam Metal Seed,,130.80 USDT,24,pending_verified_license_source,
v35-seed-p080-asset-001,P080,Dubai Metal Supply,physical_goods,raw_materials_packaging,metals,Dubai Metal Seed Aluminum Sheet Procurement Lot,Dubai Metal Seed,ArcelorMittal|Rio Tinto|Alcoa|Nucor,3.80 USDT,500,pending_verified_license_source,
v35-seed-p080-asset-002,P080,Dubai Metal Supply,physical_goods,raw_materials_packaging,metals,Dubai Metal Seed Stainless Fastener Box,Dubai Metal Seed,ArcelorMittal|Rio Tinto|Alcoa|Nucor,22 USDT,90,pending_verified_license_source,
v35-seed-p080-asset-003,P080,Dubai Metal Supply,agent_services,agent_services,procurement_agent,Dubai Metal Seed Procurement Agent Research Pack,Dubai Metal Seed,,89 USDT,12,pending_verified_license_source,
v35-seed-p081-asset-001,P081,Mumbai Metal Supply,physical_goods,raw_materials_packaging,metals,Mumbai Metal Seed Aluminum Sheet Procurement Lot,Mumbai Metal Seed,ArcelorMittal|Rio Tinto|Alcoa|Nucor,3.91 USDT,501,pending_verified_license_source,
v35-seed-p081-asset-002,P081,Mumbai Metal Supply,physical_goods,raw_materials_packaging,metals,Mumbai Metal Seed Stainless Fastener Box,Mumbai Metal Seed,ArcelorMittal|Rio Tinto|Alcoa|Nucor,22.66 USDT,91,pending_verified_license_source,
v35-seed-p081-asset-003,P081,Mumbai Metal Supply,service_rights,service_rights,logistics_services,Mumbai Metal Seed Sourcing and Inspection Service Pass,Mumbai Metal Seed,,123.60 USDT,21,pending_verified_license_source,
v35-seed-p082-asset-001,P082,Istanbul Metal Supply,physical_goods,raw_materials_packaging,metals,Istanbul Metal Seed Aluminum Sheet Procurement Lot,Istanbul Metal Seed,ArcelorMittal|Rio Tinto|Alcoa|Nucor,4.03 USDT,502,pending_verified_license_source,
v35-seed-p082-asset-002,P082,Istanbul Metal Supply,physical_goods,raw_materials_packaging,metals,Istanbul Metal Seed Stainless Fastener Box,Istanbul Metal Seed,ArcelorMittal|Rio Tinto|Alcoa|Nucor,23.32 USDT,92,pending_verified_license_source,
v35-seed-p082-asset-003,P082,Istanbul Metal Supply,agent_services,agent_services,procurement_agent,Istanbul Metal Seed Procurement Agent Research Pack,Istanbul Metal Seed,,94.34 USDT,14,pending_verified_license_source,
v35-seed-p083-asset-001,P083,Hamburg Metal Supply,physical_goods,raw_materials_packaging,metals,Hamburg Metal Seed Aluminum Sheet Procurement Lot,Hamburg Metal Seed,ArcelorMittal|Rio Tinto|Alcoa|Nucor,4.14 USDT,503,pending_verified_license_source,
v35-seed-p083-asset-002,P083,Hamburg Metal Supply,physical_goods,raw_materials_packaging,metals,Hamburg Metal Seed Stainless Fastener Box,Hamburg Metal Seed,ArcelorMittal|Rio Tinto|Alcoa|Nucor,23.98 USDT,93,pending_verified_license_source,
v35-seed-p083-asset-003,P083,Hamburg Metal Supply,service_rights,service_rights,logistics_services,Hamburg Metal Seed Sourcing and Inspection Service Pass,Hamburg Metal Seed,,130.80 USDT,23,pending_verified_license_source,
v35-seed-p084-asset-001,P084,Houston Metal Supply,physical_goods,raw_materials_packaging,metals,Houston Metal Seed Aluminum Sheet Procurement Lot,Houston Metal Seed,ArcelorMittal|Rio Tinto|Alcoa|Nucor,3.80 USDT,504,pending_verified_license_source,
v35-seed-p084-asset-002,P084,Houston Metal Supply,physical_goods,raw_materials_packaging,metals,Houston Metal Seed Stainless Fastener Box,Houston Metal Seed,ArcelorMittal|Rio Tinto|Alcoa|Nucor,22 USDT,94,pending_verified_license_source,
v35-seed-p084-asset-003,P084,Houston Metal Supply,agent_services,agent_services,procurement_agent,Houston Metal Seed Procurement Agent Research Pack,Houston Metal Seed,,89 USDT,16,pending_verified_license_source,
v35-seed-p085-asset-001,P085,Santiago Metal Supply,physical_goods,raw_materials_packaging,metals,Santiago Metal Seed Aluminum Sheet Procurement Lot,Santiago Metal Seed,ArcelorMittal|Rio Tinto|Alcoa|Nucor,3.91 USDT,500,pending_verified_license_source,
v35-seed-p085-asset-002,P085,Santiago Metal Supply,physical_goods,raw_materials_packaging,metals,Santiago Metal Seed Stainless Fastener Box,Santiago Metal Seed,ArcelorMittal|Rio Tinto|Alcoa|Nucor,22.66 USDT,90,pending_verified_license_source,
v35-seed-p085-asset-003,P085,Santiago Metal Supply,service_rights,service_rights,logistics_services,Santiago Metal Seed Sourcing and Inspection Service Pass,Santiago Metal Seed,,123.60 USDT,20,pending_verified_license_source,
v35-seed-p086-asset-001,P086,Johannesburg Metal Supply,physical_goods,raw_materials_packaging,metals,Johannesburg Metal Seed Aluminum Sheet Procurement Lot,Johannesburg Metal Seed,ArcelorMittal|Rio Tinto|Alcoa|Nucor,4.03 USDT,501,pending_verified_license_source,
v35-seed-p086-asset-002,P086,Johannesburg Metal Supply,physical_goods,raw_materials_packaging,metals,Johannesburg Metal Seed Stainless Fastener Box,Johannesburg Metal Seed,ArcelorMittal|Rio Tinto|Alcoa|Nucor,23.32 USDT,91,pending_verified_license_source,
v35-seed-p086-asset-003,P086,Johannesburg Metal Supply,agent_services,agent_services,procurement_agent,Johannesburg Metal Seed Procurement Agent Research Pack,Johannesburg Metal Seed,,94.34 USDT,13,pending_verified_license_source,
v35-seed-p087-asset-001,P087,Seoul Metal Supply,physical_goods,raw_materials_packaging,metals,Seoul Metal Seed Aluminum Sheet Procurement Lot,Seoul Metal Seed,ArcelorMittal|Rio Tinto|Alcoa|Nucor,4.14 USDT,502,pending_verified_license_source,
v35-seed-p087-asset-002,P087,Seoul Metal Supply,physical_goods,raw_materials_packaging,metals,Seoul Metal Seed Stainless Fastener Box,Seoul Metal Seed,ArcelorMittal|Rio Tinto|Alcoa|Nucor,23.98 USDT,92,pending_verified_license_source,
v35-seed-p087-asset-003,P087,Seoul Metal Supply,service_rights,service_rights,logistics_services,Seoul Metal Seed Sourcing and Inspection Service Pass,Seoul Metal Seed,,130.80 USDT,22,pending_verified_license_source,
v35-seed-p088-asset-001,P088,Sydney Metal Supply,physical_goods,raw_materials_packaging,metals,Sydney Metal Seed Aluminum Sheet Procurement Lot,Sydney Metal Seed,ArcelorMittal|Rio Tinto|Alcoa|Nucor,3.80 USDT,503,pending_verified_license_source,
v35-seed-p088-asset-002,P088,Sydney Metal Supply,physical_goods,raw_materials_packaging,metals,Sydney Metal Seed Stainless Fastener Box,Sydney Metal Seed,ArcelorMittal|Rio Tinto|Alcoa|Nucor,22 USDT,93,pending_verified_license_source,
v35-seed-p088-asset-003,P088,Sydney Metal Supply,agent_services,agent_services,procurement_agent,Sydney Metal Seed Procurement Agent Research Pack,Sydney Metal Seed,,89 USDT,15,pending_verified_license_source,
v35-seed-p089-asset-001,P089,Geneva Time Shop,physical_goods,luxury_collectibles,watches,Geneva Time Seed Automatic Timepiece Drop,Geneva Time Seed,Seiko|Tissot|Omega|Rolex,432.60 USDT,16,pending_verified_license_source,
v35-seed-p089-asset-002,P089,Geneva Time Shop,physical_goods,luxury_collectibles,watches,Geneva Time Seed Heritage Watch Strap Set,Geneva Time Seed,Seiko|Tissot|Omega|Rolex,59.74 USDT,40,pending_verified_license_source,
v35-seed-p089-asset-003,P089,Geneva Time Shop,service_rights,service_rights,logistics_services,Geneva Time Seed Sourcing and Inspection Service Pass,Geneva Time Seed,,123.60 USDT,24,pending_verified_license_source,
v35-seed-p090-asset-001,P090,Zurich Time Shop,physical_goods,luxury_collectibles,watches,Zurich Time Seed Automatic Timepiece Drop,Zurich Time Seed,Seiko|Tissot|Omega|Rolex,445.20 USDT,12,pending_verified_license_source,
v35-seed-p090-asset-002,P090,Zurich Time Shop,physical_goods,luxury_collectibles,watches,Zurich Time Seed Heritage Watch Strap Set,Zurich Time Seed,Seiko|Tissot|Omega|Rolex,61.48 USDT,36,pending_verified_license_source,
v35-seed-p090-asset-003,P090,Zurich Time Shop,agent_services,agent_services,procurement_agent,Zurich Time Seed Procurement Agent Research Pack,Zurich Time Seed,,94.34 USDT,12,pending_verified_license_source,
v35-seed-p091-asset-001,P091,London Time Shop,physical_goods,luxury_collectibles,watches,London Time Seed Automatic Timepiece Drop,London Time Seed,Seiko|Tissot|Omega|Rolex,457.80 USDT,13,pending_verified_license_source,
v35-seed-p091-asset-002,P091,London Time Shop,physical_goods,luxury_collectibles,watches,London Time Seed Heritage Watch Strap Set,London Time Seed,Seiko|Tissot|Omega|Rolex,63.22 USDT,37,pending_verified_license_source,
v35-seed-p091-asset-003,P091,London Time Shop,service_rights,service_rights,logistics_services,London Time Seed Sourcing and Inspection Service Pass,London Time Seed,,130.80 USDT,21,pending_verified_license_source,
v35-seed-p092-asset-001,P092,New York Time Shop,physical_goods,luxury_collectibles,watches,New York Time Seed Automatic Timepiece Drop,New York Time Seed,Seiko|Tissot|Omega|Rolex,420 USDT,14,pending_verified_license_source,
v35-seed-p092-asset-002,P092,New York Time Shop,physical_goods,luxury_collectibles,watches,New York Time Seed Heritage Watch Strap Set,New York Time Seed,Seiko|Tissot|Omega|Rolex,58 USDT,38,pending_verified_license_source,
v35-seed-p092-asset-003,P092,New York Time Shop,agent_services,agent_services,procurement_agent,New York Time Seed Procurement Agent Research Pack,New York Time Seed,,89 USDT,14,pending_verified_license_source,
v35-seed-p093-asset-001,P093,Tokyo Time Shop,physical_goods,luxury_collectibles,watches,Tokyo Time Seed Automatic Timepiece Drop,Tokyo Time Seed,Seiko|Tissot|Omega|Rolex,432.60 USDT,15,pending_verified_license_source,
v35-seed-p093-asset-002,P093,Tokyo Time Shop,physical_goods,luxury_collectibles,watches,Tokyo Time Seed Heritage Watch Strap Set,Tokyo Time Seed,Seiko|Tissot|Omega|Rolex,59.74 USDT,39,pending_verified_license_source,
v35-seed-p093-asset-003,P093,Tokyo Time Shop,service_rights,service_rights,logistics_services,Tokyo Time Seed Sourcing and Inspection Service Pass,Tokyo Time Seed,,123.60 USDT,23,pending_verified_license_source,
v35-seed-p094-asset-001,P094,Hong Kong Time Shop,physical_goods,luxury_collectibles,watches,Hong Kong Time Seed Automatic Timepiece Drop,Hong Kong Time Seed,Seiko|Tissot|Omega|Rolex,445.20 USDT,16,pending_verified_license_source,
v35-seed-p094-asset-002,P094,Hong Kong Time Shop,physical_goods,luxury_collectibles,watches,Hong Kong Time Seed Heritage Watch Strap Set,Hong Kong Time Seed,Seiko|Tissot|Omega|Rolex,61.48 USDT,40,pending_verified_license_source,
v35-seed-p094-asset-003,P094,Hong Kong Time Shop,agent_services,agent_services,procurement_agent,Hong Kong Time Seed Procurement Agent Research Pack,Hong Kong Time Seed,,94.34 USDT,16,pending_verified_license_source,
v35-seed-p095-asset-001,P095,Singapore Time Shop,physical_goods,luxury_collectibles,watches,Singapore Time Seed Automatic Timepiece Drop,Singapore Time Seed,Seiko|Tissot|Omega|Rolex,457.80 USDT,12,pending_verified_license_source,
v35-seed-p095-asset-002,P095,Singapore Time Shop,physical_goods,luxury_collectibles,watches,Singapore Time Seed Heritage Watch Strap Set,Singapore Time Seed,Seiko|Tissot|Omega|Rolex,63.22 USDT,36,pending_verified_license_source,
v35-seed-p095-asset-003,P095,Singapore Time Shop,service_rights,service_rights,logistics_services,Singapore Time Seed Sourcing and Inspection Service Pass,Singapore Time Seed,,130.80 USDT,20,pending_verified_license_source,
v35-seed-p096-asset-001,P096,Dubai Time Shop,physical_goods,luxury_collectibles,watches,Dubai Time Seed Automatic Timepiece Drop,Dubai Time Seed,Seiko|Tissot|Omega|Rolex,420 USDT,13,pending_verified_license_source,
v35-seed-p096-asset-002,P096,Dubai Time Shop,physical_goods,luxury_collectibles,watches,Dubai Time Seed Heritage Watch Strap Set,Dubai Time Seed,Seiko|Tissot|Omega|Rolex,58 USDT,37,pending_verified_license_source,
v35-seed-p096-asset-003,P096,Dubai Time Shop,agent_services,agent_services,procurement_agent,Dubai Time Seed Procurement Agent Research Pack,Dubai Time Seed,,89 USDT,13,pending_verified_license_source,
v35-seed-p097-asset-001,P097,Paris Time Shop,physical_goods,luxury_collectibles,watches,Paris Time Seed Automatic Timepiece Drop,Paris Time Seed,Seiko|Tissot|Omega|Rolex,432.60 USDT,14,pending_verified_license_source,
v35-seed-p097-asset-002,P097,Paris Time Shop,physical_goods,luxury_collectibles,watches,Paris Time Seed Heritage Watch Strap Set,Paris Time Seed,Seiko|Tissot|Omega|Rolex,59.74 USDT,38,pending_verified_license_source,
v35-seed-p097-asset-003,P097,Paris Time Shop,service_rights,service_rights,logistics_services,Paris Time Seed Sourcing and Inspection Service Pass,Paris Time Seed,,123.60 USDT,22,pending_verified_license_source,
v35-seed-p098-asset-001,P098,Milan Time Shop,physical_goods,luxury_collectibles,watches,Milan Time Seed Automatic Timepiece Drop,Milan Time Seed,Seiko|Tissot|Omega|Rolex,445.20 USDT,15,pending_verified_license_source,
v35-seed-p098-asset-002,P098,Milan Time Shop,physical_goods,luxury_collectibles,watches,Milan Time Seed Heritage Watch Strap Set,Milan Time Seed,Seiko|Tissot|Omega|Rolex,61.48 USDT,39,pending_verified_license_source,
v35-seed-p098-asset-003,P098,Milan Time Shop,agent_services,agent_services,procurement_agent,Milan Time Seed Procurement Agent Research Pack,Milan Time Seed,,94.34 USDT,15,pending_verified_license_source,
v35-seed-p099-asset-001,P099,Seoul Time Shop,physical_goods,luxury_collectibles,watches,Seoul Time Seed Automatic Timepiece Drop,Seoul Time Seed,Seiko|Tissot|Omega|Rolex,457.80 USDT,16,pending_verified_license_source,
v35-seed-p099-asset-002,P099,Seoul Time Shop,physical_goods,luxury_collectibles,watches,Seoul Time Seed Heritage Watch Strap Set,Seoul Time Seed,Seiko|Tissot|Omega|Rolex,63.22 USDT,40,pending_verified_license_source,
v35-seed-p099-asset-003,P099,Seoul Time Shop,service_rights,service_rights,logistics_services,Seoul Time Seed Sourcing and Inspection Service Pass,Seoul Time Seed,,130.80 USDT,24,pending_verified_license_source,
v35-seed-p100-asset-001,P100,Los Angeles Time Shop,physical_goods,luxury_collectibles,watches,Los Angeles Time Seed Automatic Timepiece Drop,Los Angeles Time Seed,Seiko|Tissot|Omega|Rolex,420 USDT,12,pending_verified_license_source,
v35-seed-p100-asset-002,P100,Los Angeles Time Shop,physical_goods,luxury_collectibles,watches,Los Angeles Time Seed Heritage Watch Strap Set,Los Angeles Time Seed,Seiko|Tissot|Omega|Rolex,58 USDT,36,pending_verified_license_source,
v35-seed-p100-asset-003,P100,Los Angeles Time Shop,agent_services,agent_services,procurement_agent,Los Angeles Time Seed Procurement Agent Research Pack,Los Angeles Time Seed,,89 USDT,12,pending_verified_license_source,
